Sophia;Anderson;sophia@web.com
Jacob;KenObi;jacob@web.com
Isabella;Anderson;isabella@web.com
Mason;Smith;mason@web.com
Emma;KenObi;emma@web.com
William;Noclueny;william@web.com
Olivia;Jones;olivia@web.com
Jayden;Smith;jayden@web.com
Ava;Smith;ava@web.com
Noah;KenObi;noah@web.com
Emily;Noclueny;emily@web.com
Michael;Skywalker;michael@web.com
Abigail;Anderson;abigail@web.com
Ethan;Anderson;ethan@web.com
Madison;Noclueny;madison@web.com
Alexander;Jones;alexander@web.com
Mia;Spacey;mia@web.com
Aiden;Anderson;aiden@web.com
Chloe;Spacey;chloe@web.com
Daniel;Noclueny;daniel@web.com
Elizabeth;Bullock;elizabeth@web.com
Anthony;Smith;anthony@web.com
Ella;Bullock;ella@web.com
Matthew;Bullock;matthew@web.com
Addison;KenObi;addison@web.com
Elijah;Smith;elijah@web.com
Natalie;Spacey;natalie@web.com
Joshua;KenObi;joshua@web.com
Lily;Anderson;lily@web.com
Liam;Noclueny;liam@web.com
Grace;Anderson;grace@web.com
Andrew;Jones;andrew@web.com
Samantha;Bullock;samantha@web.com
James;Skywalker;james@web.com
Avery;Jones;avery@web.com
David;Spacey;david@web.com
Sofia;Jones;sofia@web.com
Benjamin;Jones;benjamin@web.com
Aubrey;Bullock;aubrey@web.com
Logan;Bullock;logan@web.com
Brooklyn;Anderson;brooklyn@web.com
Christopher;Anderson;christopher@web.com
Lillian;Smith;lillian@web.com
Joseph;Skywalker;joseph@web.com
Victoria;Jones;victoria@web.com
Jackson;Smith;jackson@web.com
Evelyn;KenObi;evelyn@web.com
Gabriel;Noclueny;gabriel@web.com
Hannah;KenObi;hannah@web.com
Ryan;Anderson;ryan@web.com
Alexis;KenObi;alexis@web.com
Samuel;Skywalker;samuel@web.com
Charlotte;Skywalker;charlotte@web.com
John;KenObi;john@web.com
Zoey;Jones;zoey@web.com
Nathan;Skywalker;nathan@web.com
Leah;Smith;leah@web.com
Lucas;Bullock;lucas@web.com
Amelia;Bullock;amelia@web.com
Christian;Bullock;christian@web.com
Zoe;Smith;zoe@web.com
Jonathan;Noclueny;jonathan@web.com
Hailey;Anderson;hailey@web.com
Caleb;Jones;caleb@web.com
Layla;Spacey;layla@web.com
Dylan;KenObi;dylan@web.com
Gabriella;KenObi;gabriella@web.com
Landon;Skywalker;landon@web.com
Nevaeh;Noclueny;nevaeh@web.com
Isaac;Anderson;isaac@web.com
Kaylee;Spacey;kaylee@web.com
Gavin;Anderson;gavin@web.com
Alyssa;Anderson;alyssa@web.com
Brayden;Smith;brayden@web.com
Anna;Noclueny;anna@web.com
Tyler;Jones;tyler@web.com
Sarah;Skywalker;sarah@web.com
Luke;Anderson;luke@web.com
Allison;Anderson;allison@web.com
Evan;Jones;evan@web.com
Savannah;KenObi;savannah@web.com
Carter;Spacey;carter@web.com
Ashley;Smith;ashley@web.com
Nicholas;Bullock;nicholas@web.com
Audrey;Smith;audrey@web.com
Isaiah;Jones;isaiah@web.com
Taylor;Skywalker;taylor@web.com
Owen;Anderson;owen@web.com
Brianna;Smith;brianna@web.com
Jack;Bullock;jack@web.com
Aaliyah;Noclueny;aaliyah@web.com
Jordan;Spacey;jordan@web.com
Riley;Spacey;riley@web.com
Brandon;Skywalker;brandon@web.com
Camila;Smith;camila@web.com
Wyatt;Noclueny;wyatt@web.com
Khloe;Spacey;khloe@web.com
Julian;Noclueny;julian@web.com
Claire;Noclueny;claire@web.com
Aaron;Jones;aaron@web.com
Sophie;Bullock;sophie@web.com
Jeremiah;Spacey;jeremiah@web.com
Arianna;Skywalker;arianna@web.com
Angel;Bullock;angel@web.com
Peyton;Anderson;peyton@web.com
Cameron;Jones;cameron@web.com
Harper;Spacey;harper@web.com
Connor;KenObi;connor@web.com
Alexa;Noclueny;alexa@web.com
Hunter;Skywalker;hunter@web.com
Makayla;Bullock;makayla@web.com
Adrian;Jones;adrian@web.com
Julia;Skywalker;julia@web.com
Henry;Noclueny;henry@web.com
Kylie;Smith;kylie@web.com
Eli;Spacey;eli@web.com
Kayla;Smith;kayla@web.com
Justin;Skywalker;justin@web.com
Bella;Anderson;bella@web.com
Austin;Jones;austin@web.com
Katherine;Smith;katherine@web.com
Robert;Skywalker;robert@web.com
Lauren;Jones;lauren@web.com
Charles;Smith;charles@web.com
Gianna;Jones;gianna@web.com
Thomas;Bullock;thomas@web.com
Maya;Skywalker;maya@web.com
Zachary;Jones;zachary@web.com
Sydney;Bullock;sydney@web.com
Jose;Noclueny;jose@web.com
Serenity;KenObi;serenity@web.com
Levi;KenObi;levi@web.com
Kimberly;Bullock;kimberly@web.com
Kevin;Bullock;kevin@web.com
Mackenzie;Spacey;mackenzie@web.com
Sebastian;Jones;sebastian@web.com
Autumn;Jones;autumn@web.com
Chase;Spacey;chase@web.com
Jocelyn;KenObi;jocelyn@web.com
Ayden;Smith;ayden@web.com
Faith;KenObi;faith@web.com
Jason;Skywalker;jason@web.com
Lucy;Skywalker;lucy@web.com
Ian;Bullock;ian@web.com
Stella;Spacey;stella@web.com
Blake;Noclueny;blake@web.com
Jasmine;KenObi;jasmine@web.com
Colton;Jones;colton@web.com
Morgan;KenObi;morgan@web.com
Bentley;KenObi;bentley@web.com
Alexandra;Spacey;alexandra@web.com
Dominic;Noclueny;dominic@web.com
Trinity;Skywalker;trinity@web.com
Xavier;Bullock;xavier@web.com
Molly;Skywalker;molly@web.com
Oliver;KenObi;oliver@web.com
Madelyn;Bullock;madelyn@web.com
Parker;Spacey;parker@web.com
Scarlett;Noclueny;scarlett@web.com
Josiah;Anderson;josiah@web.com
Andrea;Anderson;andrea@web.com
Adam;Spacey;adam@web.com
Genesis;Jones;genesis@web.com
Cooper;Jones;cooper@web.com
Eva;Noclueny;eva@web.com
Brody;Skywalker;brody@web.com
Ariana;Bullock;ariana@web.com
Nathaniel;Smith;nathaniel@web.com
Madeline;Skywalker;madeline@web.com
Carson;Bullock;carson@web.com
Brooke;KenObi;brooke@web.com
Jaxon;Bullock;jaxon@web.com
Caroline;Jones;caroline@web.com
Tristan;Smith;tristan@web.com
Bailey;Skywalker;bailey@web.com
Luis;Noclueny;luis@web.com
Melanie;Anderson;melanie@web.com
Juan;KenObi;juan@web.com
Kennedy;Spacey;kennedy@web.com
Hayden;KenObi;hayden@web.com
Destiny;Skywalker;destiny@web.com
Carlos;Anderson;carlos@web.com
Maria;KenObi;maria@web.com
Jesus;Smith;jesus@web.com
Naomi;Noclueny;naomi@web.com
Nolan;Spacey;nolan@web.com
London;Anderson;london@web.com
Cole;Smith;cole@web.com
Payton;Skywalker;payton@web.com
Alex;Jones;alex@web.com
Lydia;KenObi;lydia@web.com
Max;Skywalker;max@web.com
Ellie;KenObi;ellie@web.com
Grayson;Anderson;grayson@web.com
Mariah;Noclueny;mariah@web.com
Bryson;Spacey;bryson@web.com
Aubree;Smith;aubree@web.com
Diego;Noclueny;diego@web.com
Kaitlyn;Jones;kaitlyn@web.com
Jaden;Noclueny;jaden@web.com
Violet;Noclueny;violet@web.com
Vincent;Skywalker;vincent@web.com
Rylee;KenObi;rylee@web.com
Easton;Noclueny;easton@web.com
Lilly;Noclueny;lilly@web.com
Eric;Skywalker;eric@web.com
Angelina;Spacey;angelina@web.com
Micah;Bullock;micah@web.com
Katelyn;KenObi;katelyn@web.com
Kayden;Skywalker;kayden@web.com
Mya;Anderson;mya@web.com
Jace;Jones;jace@web.com
Paige;Noclueny;paige@web.com
Aidan;Smith;aidan@web.com
Natalia;Smith;natalia@web.com
Ryder;Smith;ryder@web.com
Ruby;KenObi;ruby@web.com
Ashton;Smith;ashton@web.com
Piper;Spacey;piper@web.com
Bryan;Spacey;bryan@web.com
Annabelle;KenObi;annabelle@web.com
Riley;Smith;riley@web.com
Mary;Jones;mary@web.com
Hudson;Spacey;hudson@web.com
Jade;Noclueny;jade@web.com
Asher;Noclueny;asher@web.com
Isabelle;Bullock;isabelle@web.com
Bryce;Bullock;bryce@web.com
Liliana;Spacey;liliana@web.com
Miles;Anderson;miles@web.com
Nicole;Skywalker;nicole@web.com
Kaleb;Jones;kaleb@web.com
Rachel;KenObi;rachel@web.com
Giovanni;Noclueny;giovanni@web.com
Vanessa;Spacey;vanessa@web.com
Antonio;Spacey;antonio@web.com
Gabrielle;Noclueny;gabrielle@web.com
Kaden;Skywalker;kaden@web.com
Jessica;Noclueny;jessica@web.com
Colin;Jones;colin@web.com
Jordyn;Anderson;jordyn@web.com
Kyle;Smith;kyle@web.com
Reagan;KenObi;reagan@web.com
Brian;Skywalker;brian@web.com
Kendall;KenObi;kendall@web.com
Timothy;Jones;timothy@web.com
Sadie;Smith;sadie@web.com
Steven;Noclueny;steven@web.com
Valeria;Anderson;valeria@web.com
Sean;KenObi;sean@web.com
Brielle;KenObi;brielle@web.com
Miguel;Bullock;miguel@web.com
Lyla;KenObi;lyla@web.com
Richard;Jones;richard@web.com
Isabel;Noclueny;isabel@web.com
Ivan;KenObi;ivan@web.com
Brooklynn;Spacey;brooklynn@web.com
Jake;Skywalker;jake@web.com
Reese;Noclueny;reese@web.com
Alejandro;Skywalker;alejandro@web.com
Sara;Jones;sara@web.com
Santiago;Spacey;santiago@web.com
Adriana;Jones;adriana@web.com
Axel;Jones;axel@web.com
Aliyah;Anderson;aliyah@web.com
Joel;Noclueny;joel@web.com
Jennifer;Anderson;jennifer@web.com
Maxwell;Anderson;maxwell@web.com
Mckenzie;Noclueny;mckenzie@web.com
Brady;Anderson;brady@web.com
Gracie;Jones;gracie@web.com
Caden;Smith;caden@web.com
Nora;Spacey;nora@web.com
Preston;Spacey;preston@web.com
Kylee;Anderson;kylee@web.com
Damian;Skywalker;damian@web.com
Makenzie;Noclueny;makenzie@web.com
Elias;Spacey;elias@web.com
Izabella;KenObi;izabella@web.com
Jaxson;Anderson;jaxson@web.com
Laila;Spacey;laila@web.com
Jesse;Smith;jesse@web.com
Alice;Smith;alice@web.com
Victor;KenObi;victor@web.com
Amy;Skywalker;amy@web.com
Patrick;Skywalker;patrick@web.com
Michelle;Bullock;michelle@web.com
Jonah;Bullock;jonah@web.com
Skylar;KenObi;skylar@web.com
Marcus;Bullock;marcus@web.com
Stephanie;Anderson;stephanie@web.com
Rylan;Bullock;rylan@web.com
Juliana;Bullock;juliana@web.com
Emmanuel;Noclueny;emmanuel@web.com
Rebecca;Bullock;rebecca@web.com
Edward;Spacey;edward@web.com
Jayla;Noclueny;jayla@web.com
Leonardo;Skywalker;leonardo@web.com
Eleanor;KenObi;eleanor@web.com
Cayden;Anderson;cayden@web.com
Clara;Jones;clara@web.com
Grant;Smith;grant@web.com
Giselle;Spacey;giselle@web.com
Jeremy;Anderson;jeremy@web.com
Valentina;Skywalker;valentina@web.com
Braxton;Spacey;braxton@web.com
Vivian;Bullock;vivian@web.com
Gage;Smith;gage@web.com
Alaina;Spacey;alaina@web.com
Jude;Spacey;jude@web.com
Eliana;Spacey;eliana@web.com
Wesley;Noclueny;wesley@web.com
Aria;Skywalker;aria@web.com
Devin;Spacey;devin@web.com
Valerie;KenObi;valerie@web.com
Roman;Bullock;roman@web.com
Haley;Bullock;haley@web.com
Mark;Skywalker;mark@web.com
Elena;Bullock;elena@web.com
Camden;Bullock;camden@web.com
Catherine;Smith;catherine@web.com
Kaiden;Skywalker;kaiden@web.com
Elise;KenObi;elise@web.com
Oscar;Bullock;oscar@web.com
Lila;Skywalker;lila@web.com
Alan;Noclueny;alan@web.com
Megan;Spacey;megan@web.com
Malachi;Noclueny;malachi@web.com
Gabriela;Bullock;gabriela@web.com
George;Bullock;george@web.com
Daisy;Anderson;daisy@web.com
Peyton;Spacey;peyton@web.com
Jada;KenObi;jada@web.com
Leo;Anderson;leo@web.com
Daniela;Smith;daniela@web.com
Nicolas;Smith;nicolas@web.com
Penelope;Skywalker;penelope@web.com
Maddox;KenObi;maddox@web.com
Jenna;Spacey;jenna@web.com
Kenneth;Skywalker;kenneth@web.com
Ashlyn;Skywalker;ashlyn@web.com
Mateo;KenObi;mateo@web.com
Delilah;Anderson;delilah@web.com
Sawyer;KenObi;sawyer@web.com
Summer;Skywalker;summer@web.com
Collin;Spacey;collin@web.com
Mila;Skywalker;mila@web.com
Conner;Spacey;conner@web.com
Kate;Jones;kate@web.com
Cody;Jones;cody@web.com
Keira;Anderson;keira@web.com
Andres;KenObi;andres@web.com
Adrianna;Smith;adrianna@web.com
Declan;Anderson;declan@web.com
Hadley;Bullock;hadley@web.com
Lincoln;KenObi;lincoln@web.com
Julianna;Skywalker;julianna@web.com
Bradley;KenObi;bradley@web.com
Maci;Skywalker;maci@web.com
Trevor;Spacey;trevor@web.com
Eden;Bullock;eden@web.com
Derek;Skywalker;derek@web.com
Josephine;Bullock;josephine@web.com
Tanner;Noclueny;tanner@web.com
Aurora;Noclueny;aurora@web.com
Silas;Skywalker;silas@web.com
Melissa;Anderson;melissa@web.com
Eduardo;Smith;eduardo@web.com
Hayden;Skywalker;hayden@web.com
Seth;Spacey;seth@web.com
Alana;Spacey;alana@web.com
Jaiden;KenObi;jaiden@web.com
Margaret;Skywalker;margaret@web.com
Paul;Bullock;paul@web.com
Quinn;Skywalker;quinn@web.com
Jorge;Skywalker;jorge@web.com
Angela;Spacey;angela@web.com
Cristian;KenObi;cristian@web.com
Brynn;Bullock;brynn@web.com
Garrett;Smith;garrett@web.com
Alivia;Spacey;alivia@web.com
Travis;KenObi;travis@web.com
Katie;Smith;katie@web.com
Abraham;Spacey;abraham@web.com
Ryleigh;KenObi;ryleigh@web.com
Omar;Jones;omar@web.com
Kinley;Smith;kinley@web.com
Javier;Spacey;javier@web.com
Paisley;Skywalker;paisley@web.com
Ezekiel;Skywalker;ezekiel@web.com
Jordan;Spacey;jordan@web.com
Tucker;Anderson;tucker@web.com
Aniyah;Anderson;aniyah@web.com
Harrison;Anderson;harrison@web.com
Allie;Skywalker;allie@web.com
Peter;Bullock;peter@web.com
Miranda;KenObi;miranda@web.com
Damien;Spacey;damien@web.com
Jacqueline;Bullock;jacqueline@web.com
Greyson;Bullock;greyson@web.com
Melody;Bullock;melody@web.com
Avery;Skywalker;avery@web.com
Willow;Bullock;willow@web.com
Kai;Noclueny;kai@web.com
Diana;Skywalker;diana@web.com
Weston;Bullock;weston@web.com
Cora;Jones;cora@web.com
Ezra;Smith;ezra@web.com
Alexandria;Noclueny;alexandria@web.com
Xander;Spacey;xander@web.com
Mikayla;Jones;mikayla@web.com
Jaylen;KenObi;jaylen@web.com
Danielle;Smith;danielle@web.com
Corbin;Smith;corbin@web.com
Londyn;Spacey;londyn@web.com
Fernando;Spacey;fernando@web.com
Addyson;Spacey;addyson@web.com
Calvin;Bullock;calvin@web.com
Amaya;Anderson;amaya@web.com
Jameson;KenObi;jameson@web.com
Hazel;Spacey;hazel@web.com
Francisco;Smith;francisco@web.com
Callie;Bullock;callie@web.com
Maximus;Jones;maximus@web.com
Teagan;Smith;teagan@web.com
Josue;Jones;josue@web.com
Adalyn;Skywalker;adalyn@web.com
Ricardo;Smith;ricardo@web.com
Ximena;Anderson;ximena@web.com
Shane;Smith;shane@web.com
Angel;Bullock;angel@web.com
Trenton;Anderson;trenton@web.com
Kinsley;Anderson;kinsley@web.com
Cesar;Anderson;cesar@web.com
Shelby;Anderson;shelby@web.com
Chance;Jones;chance@web.com
Makenna;Bullock;makenna@web.com
Drake;KenObi;drake@web.com
Ariel;Noclueny;ariel@web.com
Zane;Spacey;zane@web.com
Jillian;Smith;jillian@web.com
Israel;Spacey;israel@web.com
Chelsea;Spacey;chelsea@web.com
Emmett;Smith;emmett@web.com
Alayna;Anderson;alayna@web.com
Jayce;Bullock;jayce@web.com
Harmony;Smith;harmony@web.com
Mario;Jones;mario@web.com
Sienna;Anderson;sienna@web.com
Landen;Jones;landen@web.com
Amanda;Bullock;amanda@web.com
Kingston;Noclueny;kingston@web.com
Presley;Noclueny;presley@web.com
Spencer;Bullock;spencer@web.com
Maggie;Jones;maggie@web.com
Griffin;Bullock;griffin@web.com
Tessa;Spacey;tessa@web.com
Stephen;Noclueny;stephen@web.com
Leila;Spacey;leila@web.com
Manuel;KenObi;manuel@web.com
Hope;Noclueny;hope@web.com
Theodore;Spacey;theodore@web.com
Genevieve;Noclueny;genevieve@web.com
Erick;Noclueny;erick@web.com
Erin;Skywalker;erin@web.com
Braylon;Jones;braylon@web.com
Briana;KenObi;briana@web.com
Raymond;Noclueny;raymond@web.com
Delaney;Jones;delaney@web.com
Edwin;Skywalker;edwin@web.com
Esther;Bullock;esther@web.com
Charlie;Skywalker;charlie@web.com
Kathryn;Spacey;kathryn@web.com
Abel;Jones;abel@web.com
Ana;Smith;ana@web.com
Myles;Spacey;myles@web.com
Mckenna;Bullock;mckenna@web.com
Bennett;Noclueny;bennett@web.com
Camille;Noclueny;camille@web.com
Johnathan;Smith;johnathan@web.com
Cecilia;Skywalker;cecilia@web.com
Andre;Jones;andre@web.com
Lucia;Spacey;lucia@web.com
Alexis;Anderson;alexis@web.com
Lola;Smith;lola@web.com
Edgar;Bullock;edgar@web.com
Leilani;Skywalker;leilani@web.com
Troy;Anderson;troy@web.com
Leslie;Smith;leslie@web.com
Zion;Smith;zion@web.com
Ashlynn;Bullock;ashlynn@web.com
Jeffrey;Jones;jeffrey@web.com
Kayleigh;Bullock;kayleigh@web.com
Hector;Skywalker;hector@web.com
Alondra;Jones;alondra@web.com
Shawn;Smith;shawn@web.com
Alison;Anderson;alison@web.com
Lukas;Noclueny;lukas@web.com
Haylee;Bullock;haylee@web.com
Amir;Smith;amir@web.com
Carly;Skywalker;carly@web.com
Tyson;KenObi;tyson@web.com
Juliet;Bullock;juliet@web.com
Keegan;Jones;keegan@web.com
Lexi;Smith;lexi@web.com
Kyler;Smith;kyler@web.com
Kelsey;Anderson;kelsey@web.com
Donovan;Bullock;donovan@web.com
Eliza;Bullock;eliza@web.com
Graham;Spacey;graham@web.com
Josie;Spacey;josie@web.com
Simon;Anderson;simon@web.com
Marissa;Jones;marissa@web.com
Everett;Spacey;everett@web.com
Marley;Bullock;marley@web.com
Clayton;Spacey;clayton@web.com
Alicia;Noclueny;alicia@web.com
Braden;KenObi;braden@web.com
Amber;Jones;amber@web.com
Luca;Anderson;luca@web.com
Sabrina;Noclueny;sabrina@web.com
Emanuel;Smith;emanuel@web.com
Kaydence;Jones;kaydence@web.com
Martin;Skywalker;martin@web.com
Norah;Noclueny;norah@web.com
Brendan;Jones;brendan@web.com
Allyson;Skywalker;allyson@web.com
Cash;KenObi;cash@web.com
Alina;Bullock;alina@web.com
Zander;KenObi;zander@web.com
Ivy;KenObi;ivy@web.com
Jared;Smith;jared@web.com
Fiona;Jones;fiona@web.com
Ryker;Noclueny;ryker@web.com
Isla;Noclueny;isla@web.com
Dante;KenObi;dante@web.com
Nadia;Anderson;nadia@web.com
Dominick;Jones;dominick@web.com
Kyleigh;Anderson;kyleigh@web.com
Lane;KenObi;lane@web.com
Christina;Noclueny;christina@web.com
Kameron;Anderson;kameron@web.com
Emery;Skywalker;emery@web.com
Elliot;KenObi;elliot@web.com
Laura;Noclueny;laura@web.com
Paxton;Noclueny;paxton@web.com
Cheyenne;Noclueny;cheyenne@web.com
Rafael;Anderson;rafael@web.com
Alexia;Skywalker;alexia@web.com
Andy;Bullock;andy@web.com
Emerson;Noclueny;emerson@web.com
Dalton;Skywalker;dalton@web.com
Sierra;Spacey;sierra@web.com
Erik;Noclueny;erik@web.com
Luna;Skywalker;luna@web.com
Sergio;Skywalker;sergio@web.com
Cadence;Anderson;cadence@web.com
Gregory;Smith;gregory@web.com
Daniella;Noclueny;daniella@web.com
Marco;Anderson;marco@web.com
Fatima;Spacey;fatima@web.com
Emiliano;KenObi;emiliano@web.com
Bianca;Jones;bianca@web.com
Jasper;Noclueny;jasper@web.com
Cassidy;Noclueny;cassidy@web.com
Johnny;Anderson;johnny@web.com
Veronica;Jones;veronica@web.com
Dean;Smith;dean@web.com
Kyla;Noclueny;kyla@web.com
Drew;Skywalker;drew@web.com
Evangeline;Anderson;evangeline@web.com
Caiden;Bullock;caiden@web.com
Karen;Jones;karen@web.com
Skyler;Anderson;skyler@web.com
Adeline;Spacey;adeline@web.com
Judah;KenObi;judah@web.com
Jazmine;Bullock;jazmine@web.com
Maximiliano;Bullock;maximiliano@web.com
Mallory;Smith;mallory@web.com
Aden;Anderson;aden@web.com
Rose;Smith;rose@web.com
Fabian;Spacey;fabian@web.com
Jayden;Spacey;jayden@web.com
Zayden;Spacey;zayden@web.com
Kendra;Spacey;kendra@web.com
Brennan;Jones;brennan@web.com
Camryn;Jones;camryn@web.com
Anderson;Jones;anderson@web.com
Macy;KenObi;macy@web.com
Roberto;Jones;roberto@web.com
Abby;Skywalker;abby@web.com
Reid;KenObi;reid@web.com
Dakota;Skywalker;dakota@web.com
Quinn;Anderson;quinn@web.com
Mariana;Anderson;mariana@web.com
Angelo;Smith;angelo@web.com
Gia;Spacey;gia@web.com
Holden;Spacey;holden@web.com
Adelyn;Skywalker;adelyn@web.com
Cruz;Bullock;cruz@web.com
Madilyn;Noclueny;madilyn@web.com
Derrick;Spacey;derrick@web.com
Jazmin;Jones;jazmin@web.com
Grady;Spacey;grady@web.com
Iris;Skywalker;iris@web.com
Emilio;Spacey;emilio@web.com
Nina;Bullock;nina@web.com
Finn;Anderson;finn@web.com
Georgia;Bullock;georgia@web.com
Elliott;Jones;elliott@web.com
Lilah;Spacey;lilah@web.com
Pedro;Spacey;pedro@web.com
Breanna;Jones;breanna@web.com
Amari;Jones;amari@web.com
Kenzie;Spacey;kenzie@web.com
Frank;Skywalker;frank@web.com
Jayda;Spacey;jayda@web.com
Rowan;Anderson;rowan@web.com
Phoebe;Noclueny;phoebe@web.com
Lorenzo;KenObi;lorenzo@web.com
Lilliana;Bullock;lilliana@web.com
Felix;Skywalker;felix@web.com
Kamryn;Smith;kamryn@web.com
Corey;KenObi;corey@web.com
Athena;Spacey;athena@web.com
Dakota;Smith;dakota@web.com
Malia;Anderson;malia@web.com
Colby;Jones;colby@web.com
Nyla;Spacey;nyla@web.com
Braylen;Anderson;braylen@web.com
Miley;Anderson;miley@web.com
Dawson;Noclueny;dawson@web.com
Heaven;Anderson;heaven@web.com
Brycen;Smith;brycen@web.com
Audrina;KenObi;audrina@web.com
Allen;Jones;allen@web.com
Madeleine;Anderson;madeleine@web.com
Jax;Noclueny;jax@web.com
Kiara;Anderson;kiara@web.com
Brantley;Smith;brantley@web.com
Selena;Noclueny;selena@web.com
Ty;Smith;ty@web.com
Maddison;Jones;maddison@web.com
Malik;Bullock;malik@web.com
Giuliana;Jones;giuliana@web.com
Ruben;KenObi;ruben@web.com
Emilia;Spacey;emilia@web.com
Trey;Noclueny;trey@web.com
Lyric;Bullock;lyric@web.com
Brock;Skywalker;brock@web.com
Joanna;Spacey;joanna@web.com
Colt;Smith;colt@web.com
Adalynn;KenObi;adalynn@web.com
Dallas;Spacey;dallas@web.com
Annabella;Jones;annabella@web.com
Joaquin;Noclueny;joaquin@web.com
Fernanda;Bullock;fernanda@web.com
Leland;Jones;leland@web.com
Aubrie;Jones;aubrie@web.com
Beckett;Spacey;beckett@web.com
Heidi;Bullock;heidi@web.com
Jett;Anderson;jett@web.com
Esmeralda;Spacey;esmeralda@web.com
Louis;Spacey;louis@web.com
Kira;Jones;kira@web.com
Gunner;Spacey;gunner@web.com
Elliana;Bullock;elliana@web.com
Adan;KenObi;adan@web.com
Arabella;Spacey;arabella@web.com
Jakob;Bullock;jakob@web.com
Kelly;KenObi;kelly@web.com
Cohen;Jones;cohen@web.com
Karina;Jones;karina@web.com
Taylor;Anderson;taylor@web.com
Paris;Noclueny;paris@web.com
Arthur;Spacey;arthur@web.com
Caitlyn;KenObi;caitlyn@web.com
Marcos;Jones;marcos@web.com
Kara;Noclueny;kara@web.com
Marshall;Noclueny;marshall@web.com
Raegan;Jones;raegan@web.com
Ronald;Spacey;ronald@web.com
Miriam;Spacey;miriam@web.com
Julius;Bullock;julius@web.com
Crystal;Anderson;crystal@web.com
Armando;Smith;armando@web.com
Alejandra;Anderson;alejandra@web.com
Kellen;Jones;kellen@web.com
Tatum;Jones;tatum@web.com
Dillon;Spacey;dillon@web.com
Savanna;KenObi;savanna@web.com
Brooks;Bullock;brooks@web.com
Tiffany;Anderson;tiffany@web.com
Cade;Spacey;cade@web.com
Ayla;KenObi;ayla@web.com
Danny;Noclueny;danny@web.com
Carmen;Skywalker;carmen@web.com
Nehemiah;Skywalker;nehemiah@web.com
Maliyah;Smith;maliyah@web.com
Beau;Jones;beau@web.com
Karla;KenObi;karla@web.com
Jayson;Smith;jayson@web.com
Bethany;Anderson;bethany@web.com
Devon;Spacey;devon@web.com
Guadalupe;Spacey;guadalupe@web.com
Tristen;Smith;tristen@web.com
Kailey;Spacey;kailey@web.com
Enrique;Jones;enrique@web.com
Macie;Spacey;macie@web.com
Randy;Skywalker;randy@web.com
Gemma;Jones;gemma@web.com
Gerardo;Spacey;gerardo@web.com
Noelle;Skywalker;noelle@web.com
Pablo;KenObi;pablo@web.com
Rylie;Bullock;rylie@web.com
Desmond;Noclueny;desmond@web.com
Elaina;Bullock;elaina@web.com
Raul;Spacey;raul@web.com
Lena;Jones;lena@web.com
Romeo;Noclueny;romeo@web.com
Amiyah;Skywalker;amiyah@web.com
Milo;Noclueny;milo@web.com
Ruth;Bullock;ruth@web.com
Julio;Spacey;julio@web.com
Ainsley;Smith;ainsley@web.com
Kellan;Noclueny;kellan@web.com
Finley;Smith;finley@web.com
Karson;Noclueny;karson@web.com
Danna;Anderson;danna@web.com
Titus;Anderson;titus@web.com
Parker;Noclueny;parker@web.com
Keaton;Spacey;keaton@web.com
Emely;Smith;emely@web.com
Keith;KenObi;keith@web.com
Jane;Spacey;jane@web.com
Reed;Noclueny;reed@web.com
Joselyn;Jones;joselyn@web.com
Ali;Smith;ali@web.com
Scarlet;Skywalker;scarlet@web.com
Braydon;Smith;braydon@web.com
Anastasia;Anderson;anastasia@web.com
Dustin;Skywalker;dustin@web.com
Journey;Spacey;journey@web.com
Scott;Noclueny;scott@web.com
Angelica;Anderson;angelica@web.com
Trent;Spacey;trent@web.com
Sasha;Noclueny;sasha@web.com
Waylon;Skywalker;waylon@web.com
Yaretzi;Bullock;yaretzi@web.com
Walter;Skywalker;walter@web.com
Charlie;KenObi;charlie@web.com
Donald;KenObi;donald@web.com
Juliette;Jones;juliette@web.com
Ismael;Spacey;ismael@web.com
Lia;Smith;lia@web.com
Phillip;Anderson;phillip@web.com
Brynlee;Bullock;brynlee@web.com
Iker;Spacey;iker@web.com
Angelique;Smith;angelique@web.com
Esteban;Skywalker;esteban@web.com
Katelynn;Spacey;katelynn@web.com
Jaime;Smith;jaime@web.com
Nayeli;Spacey;nayeli@web.com
Landyn;Spacey;landyn@web.com
Vivienne;Smith;vivienne@web.com
Darius;Jones;darius@web.com
Addisyn;KenObi;addisyn@web.com
Dexter;Spacey;dexter@web.com
Kaelyn;Bullock;kaelyn@web.com
Matteo;Noclueny;matteo@web.com
Annie;Spacey;annie@web.com
Colten;Noclueny;colten@web.com
Tiana;Skywalker;tiana@web.com
Emerson;Smith;emerson@web.com
Kyra;Jones;kyra@web.com
Phoenix;Bullock;phoenix@web.com
Janelle;Bullock;janelle@web.com
King;Spacey;king@web.com
Cali;Smith;cali@web.com
Izaiah;Noclueny;izaiah@web.com
Aleah;Bullock;aleah@web.com
Karter;Jones;karter@web.com
Caitlin;Bullock;caitlin@web.com
Albert;Skywalker;albert@web.com
Imani;Noclueny;imani@web.com
Jerry;Anderson;jerry@web.com
Jayleen;Bullock;jayleen@web.com
Tate;Anderson;tate@web.com
April;KenObi;april@web.com
Larry;Jones;larry@web.com
Julie;KenObi;julie@web.com
Saul;Bullock;saul@web.com
Alessandra;KenObi;alessandra@web.com
Payton;Anderson;payton@web.com
Julissa;Spacey;julissa@web.com
August;KenObi;august@web.com
Kailyn;KenObi;kailyn@web.com
Jalen;Skywalker;jalen@web.com
Jazlyn;Smith;jazlyn@web.com
Enzo;Anderson;enzo@web.com
Janiyah;Skywalker;janiyah@web.com
Jay;Anderson;jay@web.com
Kaylie;Bullock;kaylie@web.com
Rocco;Smith;rocco@web.com
Madelynn;Jones;madelynn@web.com
Kolton;Skywalker;kolton@web.com
Baylee;Noclueny;baylee@web.com
Russell;KenObi;russell@web.com
Itzel;Skywalker;itzel@web.com
Leon;Smith;leon@web.com
Monica;Bullock;monica@web.com
Philip;Noclueny;philip@web.com
Adelaide;Anderson;adelaide@web.com
Gael;KenObi;gael@web.com
Brylee;Jones;brylee@web.com
Quentin;Jones;quentin@web.com
Michaela;Spacey;michaela@web.com
Tony;Anderson;tony@web.com
Madisyn;Skywalker;madisyn@web.com
Mathew;Spacey;mathew@web.com
Cassandra;Anderson;cassandra@web.com
Kade;Smith;kade@web.com
Elle;Spacey;elle@web.com
Gideon;Spacey;gideon@web.com
Kaylin;Jones;kaylin@web.com
Dennis;Skywalker;dennis@web.com
Aniya;Spacey;aniya@web.com
Damon;Spacey;damon@web.com
Dulce;Spacey;dulce@web.com
Darren;Skywalker;darren@web.com
Olive;KenObi;olive@web.com
Kason;Anderson;kason@web.com
Jaelyn;KenObi;jaelyn@web.com
Walker;Noclueny;walker@web.com
Courtney;Jones;courtney@web.com
Jimmy;Smith;jimmy@web.com
Brittany;Anderson;brittany@web.com
Alberto;KenObi;alberto@web.com
Madalyn;Spacey;madalyn@web.com
Mitchell;Skywalker;mitchell@web.com
Jasmin;KenObi;jasmin@web.com
Alec;Skywalker;alec@web.com
Kamila;Smith;kamila@web.com
Rodrigo;Skywalker;rodrigo@web.com
Kiley;Smith;kiley@web.com
Casey;Jones;casey@web.com
Tenley;Bullock;tenley@web.com
River;Skywalker;river@web.com
Braelyn;Spacey;braelyn@web.com
Maverick;Spacey;maverick@web.com
Holly;KenObi;holly@web.com
Amare;Noclueny;amare@web.com
Helen;Noclueny;helen@web.com
Brayan;Anderson;brayan@web.com
Hayley;Anderson;hayley@web.com
Mohamed;Jones;mohamed@web.com
Carolina;Jones;carolina@web.com
Issac;Skywalker;issac@web.com
Cynthia;Bullock;cynthia@web.com
Yahir;Spacey;yahir@web.com
Talia;Anderson;talia@web.com
Arturo;Jones;arturo@web.com
Anya;Skywalker;anya@web.com
Moises;Spacey;moises@web.com
Estrella;KenObi;estrella@web.com
Maximilian;KenObi;maximilian@web.com
Bristol;Skywalker;bristol@web.com
Knox;Bullock;knox@web.com
Jimena;Noclueny;jimena@web.com
Barrett;Anderson;barrett@web.com
Harley;Spacey;harley@web.com
Davis;KenObi;davis@web.com
Jamie;Skywalker;jamie@web.com
Gustavo;KenObi;gustavo@web.com
Rebekah;Anderson;rebekah@web.com
Curtis;Bullock;curtis@web.com
Charlee;Bullock;charlee@web.com
Hugo;Spacey;hugo@web.com
Lacey;Skywalker;lacey@web.com
Reece;KenObi;reece@web.com
Jaliyah;Spacey;jaliyah@web.com
Chandler;Noclueny;chandler@web.com
Cameron;KenObi;cameron@web.com
Mauricio;Noclueny;mauricio@web.com
Sarai;Noclueny;sarai@web.com
Jamari;KenObi;jamari@web.com
Caylee;Skywalker;caylee@web.com
Abram;Smith;abram@web.com
Kennedi;Smith;kennedi@web.com
Uriel;Jones;uriel@web.com
Dayana;Anderson;dayana@web.com
Bryant;Jones;bryant@web.com
Tatiana;Skywalker;tatiana@web.com
Archer;KenObi;archer@web.com
Serena;Bullock;serena@web.com
Kamden;Noclueny;kamden@web.com
Eloise;Skywalker;eloise@web.com
Solomon;KenObi;solomon@web.com
Daphne;Anderson;daphne@web.com
Porter;Anderson;porter@web.com
Mckinley;Noclueny;mckinley@web.com
Zackary;Jones;zackary@web.com
Mikaela;Spacey;mikaela@web.com
Adriel;Bullock;adriel@web.com
Celeste;Spacey;celeste@web.com
Ryland;Noclueny;ryland@web.com
Hanna;Bullock;hanna@web.com
Lawrence;Spacey;lawrence@web.com
Lucille;Smith;lucille@web.com
Noel;Spacey;noel@web.com
Skyler;KenObi;skyler@web.com
Alijah;Anderson;alijah@web.com
Nylah;Noclueny;nylah@web.com
Ricky;Noclueny;ricky@web.com
Camilla;Skywalker;camilla@web.com
Ronan;KenObi;ronan@web.com
Lilian;Noclueny;lilian@web.com
Leonel;Smith;leonel@web.com
Lindsey;Jones;lindsey@web.com
Maurice;Noclueny;maurice@web.com
Sage;Skywalker;sage@web.com
Chris;Skywalker;chris@web.com
Viviana;KenObi;viviana@web.com
Atticus;KenObi;atticus@web.com
Danica;Jones;danica@web.com
Brenden;Smith;brenden@web.com
Liana;Jones;liana@web.com
Ibrahim;Bullock;ibrahim@web.com
Melany;Bullock;melany@web.com
Zachariah;Jones;zachariah@web.com
Aileen;Bullock;aileen@web.com
Khalil;Noclueny;khalil@web.com
Lillie;Anderson;lillie@web.com
Lance;Noclueny;lance@web.com
Kadence;Noclueny;kadence@web.com
Marvin;Bullock;marvin@web.com
Zariah;Noclueny;zariah@web.com
Dane;Anderson;dane@web.com
June;Bullock;june@web.com
Bruce;Jones;bruce@web.com
Lilyana;Anderson;lilyana@web.com
Cullen;KenObi;cullen@web.com
Bridget;Smith;bridget@web.com
Orion;Smith;orion@web.com
Anabelle;Jones;anabelle@web.com
Nikolas;KenObi;nikolas@web.com
Lexie;Bullock;lexie@web.com
Pierce;Skywalker;pierce@web.com
Anaya;Jones;anaya@web.com
Kieran;Noclueny;kieran@web.com
Skye;Noclueny;skye@web.com
Braeden;Smith;braeden@web.com
Alyson;Noclueny;alyson@web.com
Kobe;KenObi;kobe@web.com
Angie;Noclueny;angie@web.com
Finnegan;Jones;finnegan@web.com
Paola;Noclueny;paola@web.com
Remington;Bullock;remington@web.com
Elsie;Bullock;elsie@web.com
Muhammad;Smith;muhammad@web.com
Erica;Jones;erica@web.com
Prince;Skywalker;prince@web.com
Gracelyn;Skywalker;gracelyn@web.com
Orlando;KenObi;orlando@web.com
Kiera;Smith;kiera@web.com
Alfredo;Smith;alfredo@web.com
Myla;Jones;myla@web.com
Mekhi;Skywalker;mekhi@web.com
Aylin;KenObi;aylin@web.com
Sam;Bullock;sam@web.com
Lana;Noclueny;lana@web.com
Rhys;Smith;rhys@web.com
Priscilla;Bullock;priscilla@web.com
Jacoby;Spacey;jacoby@web.com
Kassidy;KenObi;kassidy@web.com
Eddie;Anderson;eddie@web.com
Natasha;Spacey;natasha@web.com
Zaiden;Skywalker;zaiden@web.com
Nia;Jones;nia@web.com
Ernesto;Smith;ernesto@web.com
Kenley;Skywalker;kenley@web.com
Joe;Jones;joe@web.com
Dylan;Bullock;dylan@web.com
Kristopher;Smith;kristopher@web.com
Kali;KenObi;kali@web.com
Jonas;Anderson;jonas@web.com
Ada;Skywalker;ada@web.com
Gary;Spacey;gary@web.com
Miracle;Bullock;miracle@web.com
Jamison;Noclueny;jamison@web.com
Raelynn;KenObi;raelynn@web.com
Nico;KenObi;nico@web.com
Briella;Spacey;briella@web.com
Johan;KenObi;johan@web.com
Emilee;Skywalker;emilee@web.com
Giovani;KenObi;giovani@web.com
Lorelei;Spacey;lorelei@web.com
Malcolm;KenObi;malcolm@web.com
Francesca;Spacey;francesca@web.com
Armani;Bullock;armani@web.com
Arielle;Noclueny;arielle@web.com
Warren;Jones;warren@web.com
Madyson;Anderson;madyson@web.com
Gunnar;Anderson;gunnar@web.com
Amira;Spacey;amira@web.com
Ramon;Spacey;ramon@web.com
Jaelynn;Spacey;jaelynn@web.com
Franklin;Skywalker;franklin@web.com
Nataly;Smith;nataly@web.com
Kane;Smith;kane@web.com
Annika;Spacey;annika@web.com
Byron;Bullock;byron@web.com
Joy;Noclueny;joy@web.com
Cason;Anderson;cason@web.com
Alanna;Bullock;alanna@web.com
Brett;Noclueny;brett@web.com
Shayla;Noclueny;shayla@web.com
Ari;Jones;ari@web.com
Brenna;Smith;brenna@web.com
Deandre;Spacey;deandre@web.com
Sloane;Bullock;sloane@web.com
Finley;Spacey;finley@web.com
Vera;Jones;vera@web.com
Justice;Jones;justice@web.com
Abbigail;Smith;abbigail@web.com
Douglas;Anderson;douglas@web.com
Amari;Skywalker;amari@web.com
Cyrus;Jones;cyrus@web.com
Jaycee;Smith;jaycee@web.com
Gianni;Anderson;gianni@web.com
Lauryn;Jones;lauryn@web.com
Talon;Spacey;talon@web.com
Skyla;Skywalker;skyla@web.com
Camron;Jones;camron@web.com
Whitney;KenObi;whitney@web.com
Cannon;KenObi;cannon@web.com
Aspen;Bullock;aspen@web.com
Nash;Jones;nash@web.com
Johanna;Anderson;johanna@web.com
Dorian;Skywalker;dorian@web.com
Jaylah;Noclueny;jaylah@web.com
Kendrick;Spacey;kendrick@web.com
Nathalie;Smith;nathalie@web.com
Moses;Bullock;moses@web.com
Laney;Skywalker;laney@web.com
Arjun;Skywalker;arjun@web.com
Logan;Noclueny;logan@web.com
Sullivan;Jones;sullivan@web.com
Brinley;Spacey;brinley@web.com
Kasen;Anderson;kasen@web.com
Leighton;Smith;leighton@web.com
Dominik;KenObi;dominik@web.com
Marlee;Bullock;marlee@web.com
Ahmed;Anderson;ahmed@web.com
Ciara;Anderson;ciara@web.com
Korbin;Spacey;korbin@web.com
Justice;Anderson;justice@web.com
Roger;Smith;roger@web.com
Brenda;Spacey;brenda@web.com
Royce;Skywalker;royce@web.com
Kayden;Noclueny;kayden@web.com
Quinton;Smith;quinton@web.com
Erika;Noclueny;erika@web.com
Salvador;Smith;salvador@web.com
Elisa;Smith;elisa@web.com
Isaias;Bullock;isaias@web.com
Lainey;Noclueny;lainey@web.com
Skylar;KenObi;skylar@web.com
Rowan;Noclueny;rowan@web.com
Raiden;KenObi;raiden@web.com
Annabel;KenObi;annabel@web.com
Terry;Smith;terry@web.com
Teresa;Bullock;teresa@web.com
Brodie;Spacey;brodie@web.com
Dahlia;Noclueny;dahlia@web.com
Tobias;KenObi;tobias@web.com
Janiya;Smith;janiya@web.com
Morgan;Skywalker;morgan@web.com
Lizbeth;Jones;lizbeth@web.com
Frederick;Anderson;frederick@web.com
Nancy;Skywalker;nancy@web.com
Madden;KenObi;madden@web.com
Aleena;Smith;aleena@web.com
Conor;Spacey;conor@web.com
Kaliyah;Anderson;kaliyah@web.com
Reese;Jones;reese@web.com
Farrah;Jones;farrah@web.com
Braiden;Spacey;braiden@web.com
Marilyn;Noclueny;marilyn@web.com
Kelvin;Anderson;kelvin@web.com
Eve;Anderson;eve@web.com
Julien;Skywalker;julien@web.com
Anahi;Spacey;anahi@web.com
Kristian;Smith;kristian@web.com
Rosalie;Spacey;rosalie@web.com
Rodney;KenObi;rodney@web.com
Jaylynn;Smith;jaylynn@web.com
Wade;Anderson;wade@web.com
Bailee;KenObi;bailee@web.com
Davion;Anderson;davion@web.com
Emmalyn;Smith;emmalyn@web.com
Nickolas;Jones;nickolas@web.com
Madilynn;Anderson;madilynn@web.com
Xzavier;Spacey;xzavier@web.com
Lea;Spacey;lea@web.com
Alvin;KenObi;alvin@web.com
Sylvia;Bullock;sylvia@web.com
Asa;Spacey;asa@web.com
Annalise;Jones;annalise@web.com
Alonzo;Smith;alonzo@web.com
Averie;Skywalker;averie@web.com
Ezequiel;Skywalker;ezequiel@web.com
Yareli;Skywalker;yareli@web.com
Boston;KenObi;boston@web.com
Zoie;KenObi;zoie@web.com
Nasir;Spacey;nasir@web.com
Samara;KenObi;samara@web.com
Nelson;Bullock;nelson@web.com
Amani;Smith;amani@web.com
Jase;Smith;jase@web.com
Regina;Noclueny;regina@web.com
London;Skywalker;london@web.com
Hailee;KenObi;hailee@web.com
Mohammed;Anderson;mohammed@web.com
Arely;Skywalker;arely@web.com
Rhett;Bullock;rhett@web.com
Evelynn;Spacey;evelynn@web.com
Jermaine;Jones;jermaine@web.com
Luciana;Smith;luciana@web.com
Roy;Bullock;roy@web.com
Natalee;Jones;natalee@web.com
Matias;Smith;matias@web.com
Anika;Spacey;anika@web.com
Ace;Spacey;ace@web.com
Liberty;Bullock;liberty@web.com
Chad;Skywalker;chad@web.com
Giana;Bullock;giana@web.com
Moshe;Spacey;moshe@web.com
Haven;Bullock;haven@web.com
Aarav;Skywalker;aarav@web.com
Gloria;Anderson;gloria@web.com
Keagan;Spacey;keagan@web.com
Gwendolyn;Anderson;gwendolyn@web.com
Aldo;Skywalker;aldo@web.com
Jazlynn;Spacey;jazlynn@web.com
Blaine;Jones;blaine@web.com
Marisol;Spacey;marisol@web.com
Marc;Jones;marc@web.com
Ryan;Noclueny;ryan@web.com
Rohan;Anderson;rohan@web.com
Virginia;Skywalker;virginia@web.com
Bently;Skywalker;bently@web.com
Myah;Jones;myah@web.com
Trace;Spacey;trace@web.com
Elsa;Noclueny;elsa@web.com
Kamari;Smith;kamari@web.com
Selah;Skywalker;selah@web.com
Layne;Noclueny;layne@web.com
Melina;Spacey;melina@web.com
Carmelo;Spacey;carmelo@web.com
Aryanna;KenObi;aryanna@web.com
Demetrius;Smith;demetrius@web.com
Adelynn;Noclueny;adelynn@web.com
Lawson;Jones;lawson@web.com
Raelyn;Smith;raelyn@web.com
Nathanael;Spacey;nathanael@web.com
Miah;Spacey;miah@web.com
Uriah;Jones;uriah@web.com
Sariah;Noclueny;sariah@web.com
Terrance;Skywalker;terrance@web.com
Kaylynn;Noclueny;kaylynn@web.com
Ahmad;Jones;ahmad@web.com
Amara;Jones;amara@web.com
Jamarion;Spacey;jamarion@web.com
Helena;Spacey;helena@web.com
Shaun;Smith;shaun@web.com
Jaylee;Bullock;jaylee@web.com
Kale;KenObi;kale@web.com
Maeve;Anderson;maeve@web.com
Noe;KenObi;noe@web.com
Raven;Skywalker;raven@web.com
Carl;Noclueny;carl@web.com
Linda;Noclueny;linda@web.com
Jaydon;KenObi;jaydon@web.com
Anne;KenObi;anne@web.com
Callen;Smith;callen@web.com
Desiree;Spacey;desiree@web.com
Micheal;Jones;micheal@web.com
Madalynn;Bullock;madalynn@web.com
Jaxen;Spacey;jaxen@web.com
Meredith;Noclueny;meredith@web.com
Lucian;Spacey;lucian@web.com
Clarissa;Bullock;clarissa@web.com
Jaxton;KenObi;jaxton@web.com
Elyse;Noclueny;elyse@web.com
Rory;Spacey;rory@web.com
Marie;Noclueny;marie@web.com
Quincy;KenObi;quincy@web.com
Alissa;Skywalker;alissa@web.com
Guillermo;Smith;guillermo@web.com
Anabella;Smith;anabella@web.com
Javon;Anderson;javon@web.com
Hallie;Jones;hallie@web.com
Kian;Smith;kian@web.com
Denise;KenObi;denise@web.com
Wilson;Jones;wilson@web.com
Elisabeth;KenObi;elisabeth@web.com
Jeffery;Spacey;jeffery@web.com
Kaia;Jones;kaia@web.com
Joey;KenObi;joey@web.com
Danika;Skywalker;danika@web.com
Kendall;Jones;kendall@web.com
Kimora;Smith;kimora@web.com
Harper;KenObi;harper@web.com
Milan;Skywalker;milan@web.com
Jensen;Noclueny;jensen@web.com
Claudia;Bullock;claudia@web.com
Mohammad;Spacey;mohammad@web.com
Dana;KenObi;dana@web.com
Dayton;Skywalker;dayton@web.com
Siena;Anderson;siena@web.com
Billy;Jones;billy@web.com
Zion;Jones;zion@web.com
Jonathon;Smith;jonathon@web.com
Ansley;Jones;ansley@web.com
Jadiel;Jones;jadiel@web.com
Sandra;Anderson;sandra@web.com
Willie;Bullock;willie@web.com
Cara;Bullock;cara@web.com
Jadon;Bullock;jadon@web.com
Halle;Spacey;halle@web.com
Clark;Jones;clark@web.com
Maleah;Bullock;maleah@web.com
Rex;Jones;rex@web.com
Marina;Skywalker;marina@web.com
Francis;Anderson;francis@web.com
Saniyah;Spacey;saniyah@web.com
Kash;KenObi;kash@web.com
Casey;Smith;casey@web.com
Malakai;Spacey;malakai@web.com
Harlow;Spacey;harlow@web.com
Terrell;Noclueny;terrell@web.com
Kassandra;Jones;kassandra@web.com
Melvin;Spacey;melvin@web.com
Charley;Jones;charley@web.com
Cristopher;Skywalker;cristopher@web.com
Rosa;Jones;rosa@web.com
Layton;Anderson;layton@web.com
Shiloh;Smith;shiloh@web.com
Ariel;Spacey;ariel@web.com
Tori;KenObi;tori@web.com
Sylas;Spacey;sylas@web.com
Adele;KenObi;adele@web.com
Gerald;Jones;gerald@web.com
Kiana;Spacey;kiana@web.com
Kody;Spacey;kody@web.com
Ariella;Spacey;ariella@web.com
Messiah;Skywalker;messiah@web.com
Jaylene;Jones;jaylene@web.com
Semaj;Skywalker;semaj@web.com
Joslyn;Spacey;joslyn@web.com
Triston;Spacey;triston@web.com
Kathleen;Noclueny;kathleen@web.com
Bentlee;Spacey;bentlee@web.com
Aisha;Smith;aisha@web.com
Lewis;Noclueny;lewis@web.com
Amya;Anderson;amya@web.com
Marlon;KenObi;marlon@web.com
Ayanna;Jones;ayanna@web.com
Tomas;Smith;tomas@web.com
Isis;Smith;isis@web.com
Aidyn;Smith;aidyn@web.com
Karlee;Smith;karlee@web.com
Tommy;Anderson;tommy@web.com
Cindy;Anderson;cindy@web.com
Alessandro;Spacey;alessandro@web.com
Perla;Jones;perla@web.com
Isiah;Smith;isiah@web.com
Janessa;Noclueny;janessa@web.com
Jagger;Bullock;jagger@web.com
Lylah;Noclueny;lylah@web.com
Nikolai;Jones;nikolai@web.com
Raquel;KenObi;raquel@web.com
Omari;KenObi;omari@web.com
Zara;Noclueny;zara@web.com
Sincere;Bullock;sincere@web.com
Evie;Jones;evie@web.com
Cory;Skywalker;cory@web.com
Phoenix;KenObi;phoenix@web.com
Rene;Skywalker;rene@web.com
Catalina;Skywalker;catalina@web.com
Terrence;Noclueny;terrence@web.com
Lilianna;Spacey;lilianna@web.com
Harley;Smith;harley@web.com
Mollie;Smith;mollie@web.com
Kylan;Spacey;kylan@web.com
Simone;Anderson;simone@web.com
Luciano;KenObi;luciano@web.com
Briley;Spacey;briley@web.com
Aron;Skywalker;aron@web.com
Bria;Bullock;bria@web.com
Felipe;Bullock;felipe@web.com
Kristina;KenObi;kristina@web.com
Reginald;Skywalker;reginald@web.com
Lindsay;Anderson;lindsay@web.com
Tristian;Noclueny;tristian@web.com
Rosemary;Noclueny;rosemary@web.com
Urijah;Smith;urijah@web.com
Cecelia;Smith;cecelia@web.com
Beckham;Spacey;beckham@web.com
Kourtney;Bullock;kourtney@web.com
Jordyn;Jones;jordyn@web.com
Aliya;Spacey;aliya@web.com
Kayson;KenObi;kayson@web.com
Asia;Skywalker;asia@web.com
Neil;Bullock;neil@web.com
Elin;Skywalker;elin@web.com
Osvaldo;Jones;osvaldo@web.com
Isabela;Noclueny;isabela@web.com
Aydin;Anderson;aydin@web.com
Kristen;Jones;kristen@web.com
Ulises;Jones;ulises@web.com
Yasmin;Anderson;yasmin@web.com
Deacon;Noclueny;deacon@web.com
Alani;Noclueny;alani@web.com
Giovanny;KenObi;giovanny@web.com
Aiyana;Spacey;aiyana@web.com
Case;KenObi;case@web.com
Amiya;Bullock;amiya@web.com
Daxton;KenObi;daxton@web.com
Felicity;Smith;felicity@web.com
Will;Jones;will@web.com
Patricia;KenObi;patricia@web.com
Lee;Noclueny;lee@web.com
Kailee;Spacey;kailee@web.com
Makai;Smith;makai@web.com
Adrienne;Noclueny;adrienne@web.com
Raphael;Smith;raphael@web.com
Aliana;Noclueny;aliana@web.com
Tripp;Spacey;tripp@web.com
Ember;Skywalker;ember@web.com
Kole;Spacey;kole@web.com
Mariyah;Noclueny;mariyah@web.com
Channing;Jones;channing@web.com
Mariam;Skywalker;mariam@web.com
Santino;Smith;santino@web.com
Ally;Noclueny;ally@web.com
Stanley;Spacey;stanley@web.com
Bryanna;KenObi;bryanna@web.com
Allan;Anderson;allan@web.com
Tabitha;Spacey;tabitha@web.com
Alonso;Smith;alonso@web.com
Wendy;Anderson;wendy@web.com
Jamal;KenObi;jamal@web.com
Sidney;Skywalker;sidney@web.com
Jorden;Skywalker;jorden@web.com
Clare;Jones;clare@web.com
Davin;Smith;davin@web.com
Aimee;Smith;aimee@web.com
Soren;Spacey;soren@web.com
Laylah;Bullock;laylah@web.com
Aryan;Anderson;aryan@web.com
Maia;Jones;maia@web.com
Aydan;KenObi;aydan@web.com
Karsyn;Smith;karsyn@web.com
Camren;Skywalker;camren@web.com
Greta;Anderson;greta@web.com
Jasiah;Bullock;jasiah@web.com
Noemi;Bullock;noemi@web.com
Ray;KenObi;ray@web.com
Jayde;Anderson;jayde@web.com
Ben;Skywalker;ben@web.com
Kallie;Noclueny;kallie@web.com
Jon;Smith;jon@web.com
Leanna;Anderson;leanna@web.com
Bobby;Noclueny;bobby@web.com
Irene;Skywalker;irene@web.com
Darrell;Spacey;darrell@web.com
Jessie;Smith;jessie@web.com
Markus;Smith;markus@web.com
Paityn;Smith;paityn@web.com
Branden;Skywalker;branden@web.com
Kaleigh;Spacey;kaleigh@web.com
Hank;Anderson;hank@web.com
Lesly;Jones;lesly@web.com
Mathias;Smith;mathias@web.com
Gracelynn;Smith;gracelynn@web.com
Adonis;Bullock;adonis@web.com
Amelie;Spacey;amelie@web.com
Darian;Spacey;darian@web.com
Iliana;Anderson;iliana@web.com
Jessie;Spacey;jessie@web.com
Elaine;Bullock;elaine@web.com
Marquis;Smith;marquis@web.com
Lillianna;Jones;lillianna@web.com
Vicente;Smith;vicente@web.com
Ellen;Smith;ellen@web.com
Zayne;Noclueny;zayne@web.com
Taryn;Skywalker;taryn@web.com
Kenny;Noclueny;kenny@web.com
Lailah;Noclueny;lailah@web.com
Raylan;Anderson;raylan@web.com
Rylan;Smith;rylan@web.com
Jefferson;Jones;jefferson@web.com
Lisa;KenObi;lisa@web.com
Steve;Skywalker;steve@web.com
Emersyn;Smith;emersyn@web.com
Wayne;Jones;wayne@web.com
Braelynn;Spacey;braelynn@web.com
Leonard;Bullock;leonard@web.com
Shannon;Noclueny;shannon@web.com
Kolby;Skywalker;kolby@web.com
Beatrice;Smith;beatrice@web.com
Ayaan;Spacey;ayaan@web.com
Heather;Spacey;heather@web.com
Emery;KenObi;emery@web.com
Jaylin;Smith;jaylin@web.com
Harry;Bullock;harry@web.com
Taliyah;Jones;taliyah@web.com
Rashad;Spacey;rashad@web.com
Arya;Jones;arya@web.com
Adrien;Bullock;adrien@web.com
Emilie;Noclueny;emilie@web.com
Dax;Smith;dax@web.com
Ali;Anderson;ali@web.com
Dwayne;Jones;dwayne@web.com
Janae;Smith;janae@web.com
Samir;Noclueny;samir@web.com
Chaya;Smith;chaya@web.com
Zechariah;Noclueny;zechariah@web.com
Cherish;Jones;cherish@web.com
Yusuf;Spacey;yusuf@web.com
Jaida;Jones;jaida@web.com
Ronnie;Smith;ronnie@web.com
Journee;Spacey;journee@web.com
Tristin;Smith;tristin@web.com
Sawyer;Anderson;sawyer@web.com
Benson;KenObi;benson@web.com
Destinee;Spacey;destinee@web.com
Memphis;Anderson;memphis@web.com
Emmalee;Noclueny;emmalee@web.com
Lamar;Skywalker;lamar@web.com
Ivanna;Skywalker;ivanna@web.com
Maxim;KenObi;maxim@web.com
Charli;KenObi;charli@web.com
Bowen;Skywalker;bowen@web.com
Jocelynn;Noclueny;jocelynn@web.com
Ellis;Skywalker;ellis@web.com
Kaya;Skywalker;kaya@web.com
Javion;Noclueny;javion@web.com
Elianna;Anderson;elianna@web.com
Tatum;Jones;tatum@web.com
Armani;Noclueny;armani@web.com
Clay;KenObi;clay@web.com
Kaitlynn;Noclueny;kaitlynn@web.com
Alexzander;KenObi;alexzander@web.com
Rihanna;KenObi;rihanna@web.com
Draven;Spacey;draven@web.com
Reyna;Skywalker;reyna@web.com
Odin;Anderson;odin@web.com
Christine;Skywalker;christine@web.com
Branson;Skywalker;branson@web.com
Alia;Noclueny;alia@web.com
Elisha;Anderson;elisha@web.com
Leyla;Skywalker;leyla@web.com
Rudy;Smith;rudy@web.com
Mckayla;Jones;mckayla@web.com
Zain;Jones;zain@web.com
Celia;Bullock;celia@web.com
Rayan;Noclueny;rayan@web.com
Raina;Smith;raina@web.com
Sterling;Skywalker;sterling@web.com
Alayah;Smith;alayah@web.com
Brennen;Bullock;brennen@web.com
Macey;Smith;macey@web.com
Jairo;Bullock;jairo@web.com
Meghan;Spacey;meghan@web.com
Brendon;Noclueny;brendon@web.com
Zaniyah;Jones;zaniyah@web.com
Kareem;Jones;kareem@web.com
Carolyn;Anderson;carolyn@web.com
Rylee;Skywalker;rylee@web.com
Kynlee;Jones;kynlee@web.com
Winston;Smith;winston@web.com
Carlee;Spacey;carlee@web.com
Jerome;Bullock;jerome@web.com
Alena;Noclueny;alena@web.com
Kyson;Smith;kyson@web.com
Bryn;Bullock;bryn@web.com
Lennon;Bullock;lennon@web.com
Jolie;Noclueny;jolie@web.com
Luka;Bullock;luka@web.com
Carla;Noclueny;carla@web.com
Crosby;Bullock;crosby@web.com
Eileen;Bullock;eileen@web.com
Deshawn;Anderson;deshawn@web.com
Keyla;Anderson;keyla@web.com
Roland;Bullock;roland@web.com
Saniya;Bullock;saniya@web.com
Zavier;Skywalker;zavier@web.com
Livia;Spacey;livia@web.com
Cedric;Anderson;cedric@web.com
Amina;Noclueny;amina@web.com
Vance;Spacey;vance@web.com
Angeline;Bullock;angeline@web.com
Niko;Bullock;niko@web.com
Krystal;Smith;krystal@web.com
Gauge;Noclueny;gauge@web.com
Zaria;Jones;zaria@web.com
Kaeden;Noclueny;kaeden@web.com
Emelia;Spacey;emelia@web.com
Killian;Skywalker;killian@web.com
Renata;Skywalker;renata@web.com
Vincenzo;Noclueny;vincenzo@web.com
Mercedes;Smith;mercedes@web.com
Teagan;Anderson;teagan@web.com
Paulina;Spacey;paulina@web.com
Trevon;Spacey;trevon@web.com
Diamond;Jones;diamond@web.com
Kymani;Spacey;kymani@web.com
Jenny;KenObi;jenny@web.com
Valentino;Spacey;valentino@web.com
Aviana;KenObi;aviana@web.com
Abdullah;Jones;abdullah@web.com
Ayleen;KenObi;ayleen@web.com
Bo;Skywalker;bo@web.com
Barbara;Bullock;barbara@web.com
Darwin;Spacey;darwin@web.com
Alisha;Skywalker;alisha@web.com
Hamza;Anderson;hamza@web.com
Jaqueline;Spacey;jaqueline@web.com
Kolten;Spacey;kolten@web.com
Maryam;Spacey;maryam@web.com
Edison;Bullock;edison@web.com
Julianne;Spacey;julianne@web.com
Jovani;KenObi;jovani@web.com
Matilda;KenObi;matilda@web.com
Augustus;KenObi;augustus@web.com
Sonia;Smith;sonia@web.com
Gavyn;Spacey;gavyn@web.com
Edith;Spacey;edith@web.com
Toby;Spacey;toby@web.com
Martha;Jones;martha@web.com
Davian;KenObi;davian@web.com
Audriana;Jones;audriana@web.com
Rogelio;Noclueny;rogelio@web.com
Kaylyn;Spacey;kaylyn@web.com
Matthias;KenObi;matthias@web.com
Emmy;Spacey;emmy@web.com
Brent;Smith;brent@web.com
Giada;Skywalker;giada@web.com
Hayes;Bullock;hayes@web.com
Tegan;Anderson;tegan@web.com
Brogan;Anderson;brogan@web.com
Charleigh;Anderson;charleigh@web.com
Jamir;Jones;jamir@web.com
Haleigh;Noclueny;haleigh@web.com
Damion;Anderson;damion@web.com
Nathaly;Noclueny;nathaly@web.com
Emmitt;Bullock;emmitt@web.com
Susan;Smith;susan@web.com
Landry;Bullock;landry@web.com
Kendal;Skywalker;kendal@web.com
Chaim;Smith;chaim@web.com
Leia;Bullock;leia@web.com
Jaylin;Jones;jaylin@web.com
Jordynn;Spacey;jordynn@web.com
Yosef;Bullock;yosef@web.com
Amirah;Jones;amirah@web.com
Kamron;Skywalker;kamron@web.com
Giovanna;KenObi;giovanna@web.com
Lionel;Noclueny;lionel@web.com
Mira;Smith;mira@web.com
Van;Noclueny;van@web.com
Addilyn;Noclueny;addilyn@web.com
Bronson;Noclueny;bronson@web.com
Frances;Anderson;frances@web.com
Casen;Skywalker;casen@web.com
Kaitlin;Jones;kaitlin@web.com
Junior;KenObi;junior@web.com
Kyndall;Bullock;kyndall@web.com
Misael;Skywalker;misael@web.com
Myra;Anderson;myra@web.com
Yandel;Skywalker;yandel@web.com
Abbie;Noclueny;abbie@web.com
Alfonso;Anderson;alfonso@web.com
Samiyah;Bullock;samiyah@web.com
Giancarlo;Noclueny;giancarlo@web.com
Taraji;Spacey;taraji@web.com
Rolando;Jones;rolando@web.com
Braylee;Jones;braylee@web.com
Abdiel;Spacey;abdiel@web.com
Corinne;Jones;corinne@web.com
Aaden;Smith;aaden@web.com
Jazmyn;Skywalker;jazmyn@web.com
Deangelo;Spacey;deangelo@web.com
Kaiya;Anderson;kaiya@web.com
Duncan;Jones;duncan@web.com
Lorelai;Spacey;lorelai@web.com
Ishaan;Bullock;ishaan@web.com
Abril;Anderson;abril@web.com
Jamie;KenObi;jamie@web.com
Kenya;Bullock;kenya@web.com
Maximo;Noclueny;maximo@web.com
Mae;Anderson;mae@web.com
Cael;Bullock;cael@web.com
Hadassah;Spacey;hadassah@web.com
Conrad;Jones;conrad@web.com
Alisson;Noclueny;alisson@web.com
Ronin;Bullock;ronin@web.com
Haylie;Spacey;haylie@web.com
Xavi;Anderson;xavi@web.com
Brisa;Jones;brisa@web.com
Dominique;Smith;dominique@web.com
Deborah;Skywalker;deborah@web.com
Ean;Bullock;ean@web.com
Mina;Bullock;mina@web.com
Tyrone;Spacey;tyrone@web.com
Rayne;Skywalker;rayne@web.com
Chace;Jones;chace@web.com
America;Skywalker;america@web.com
Craig;Noclueny;craig@web.com
Ryann;Skywalker;ryann@web.com
Mayson;Jones;mayson@web.com
Milania;Jones;milania@web.com
Quintin;Smith;quintin@web.com
Pearl;Spacey;pearl@web.com
Derick;Skywalker;derick@web.com
Blake;KenObi;blake@web.com
Bradyn;Bullock;bradyn@web.com
Millie;Bullock;millie@web.com
Izayah;KenObi;izayah@web.com
Deanna;Jones;deanna@web.com
Zachery;Noclueny;zachery@web.com
Araceli;Jones;araceli@web.com
Westin;Skywalker;westin@web.com
Demi;Noclueny;demi@web.com
Alvaro;Smith;alvaro@web.com
Gisselle;Spacey;gisselle@web.com
Johnathon;Noclueny;johnathon@web.com
Paula;Noclueny;paula@web.com
Ramiro;Spacey;ramiro@web.com
Karissa;KenObi;karissa@web.com
Konner;Smith;konner@web.com
Sharon;Skywalker;sharon@web.com
Lennox;Bullock;lennox@web.com
Kensley;Smith;kensley@web.com
Marcelo;Bullock;marcelo@web.com
Rachael;Noclueny;rachael@web.com
Blaze;Noclueny;blaze@web.com
Aryana;Skywalker;aryana@web.com
Eugene;Anderson;eugene@web.com
Chanel;KenObi;chanel@web.com
Keenan;Smith;keenan@web.com
Natalya;Anderson;natalya@web.com
Bruno;Smith;bruno@web.com
Hayleigh;Smith;hayleigh@web.com
Deegan;Noclueny;deegan@web.com
Paloma;Noclueny;paloma@web.com
Rayden;Jones;rayden@web.com
Avianna;Bullock;avianna@web.com
Cale;Anderson;cale@web.com
Jemma;Anderson;jemma@web.com
Camryn;Spacey;camryn@web.com
Moriah;Smith;moriah@web.com
Eden;Noclueny;eden@web.com
Renee;Bullock;renee@web.com
Jamar;Bullock;jamar@web.com
Alyvia;Anderson;alyvia@web.com
Leandro;Skywalker;leandro@web.com
Zariyah;Spacey;zariyah@web.com
Sage;Smith;sage@web.com
Hana;Jones;hana@web.com
Marcel;Jones;marcel@web.com
Judith;Smith;judith@web.com
Jovanni;Jones;jovanni@web.com
Kinsey;Jones;kinsey@web.com
Rodolfo;Bullock;rodolfo@web.com
Salma;Jones;salma@web.com
Seamus;Smith;seamus@web.com
Kenna;Jones;kenna@web.com
Cain;Bullock;cain@web.com
Mara;Spacey;mara@web.com
Damarion;Skywalker;damarion@web.com
Patience;Skywalker;patience@web.com
Harold;Jones;harold@web.com
Saanvi;Spacey;saanvi@web.com
Jaeden;Anderson;jaeden@web.com
Cristina;Skywalker;cristina@web.com
Konnor;Smith;konnor@web.com
Dixie;Smith;dixie@web.com
Jair;Smith;jair@web.com
Kaylen;KenObi;kaylen@web.com
Callum;Noclueny;callum@web.com
Averi;Skywalker;averi@web.com
Rowen;Spacey;rowen@web.com
Carlie;Skywalker;carlie@web.com
Rylen;Spacey;rylen@web.com
Kirsten;KenObi;kirsten@web.com
Arnav;Skywalker;arnav@web.com
Lilyanna;Jones;lilyanna@web.com
Ernest;Smith;ernest@web.com
Charity;Noclueny;charity@web.com
Gilberto;KenObi;gilberto@web.com
Larissa;KenObi;larissa@web.com
Irvin;Smith;irvin@web.com
Zuri;Jones;zuri@web.com
Fisher;Spacey;fisher@web.com
Chana;Bullock;chana@web.com
Randall;Skywalker;randall@web.com
Ingrid;Jones;ingrid@web.com
Heath;Skywalker;heath@web.com
Lina;KenObi;lina@web.com
Justus;KenObi;justus@web.com
Tianna;Noclueny;tianna@web.com
Lyric;Bullock;lyric@web.com
Lilia;Bullock;lilia@web.com
Masen;Bullock;masen@web.com
Marisa;KenObi;marisa@web.com
Amos;KenObi;amos@web.com
Nahla;Bullock;nahla@web.com
Frankie;Jones;frankie@web.com
Sherlyn;Bullock;sherlyn@web.com
Harvey;Jones;harvey@web.com
Adyson;Jones;adyson@web.com
Kamryn;KenObi;kamryn@web.com
Cailyn;Anderson;cailyn@web.com
Alden;Jones;alden@web.com
Princess;Noclueny;princess@web.com
Hassan;Anderson;hassan@web.com
Yoselin;Jones;yoselin@web.com
Salvatore;Anderson;salvatore@web.com
Aubrianna;KenObi;aubrianna@web.com
Theo;Spacey;theo@web.com
Maritza;Jones;maritza@web.com
Darien;Anderson;darien@web.com
Rayna;Bullock;rayna@web.com
Gilbert;Anderson;gilbert@web.com
Luz;Smith;luz@web.com
Krish;Bullock;krish@web.com
Cheyanne;Spacey;cheyanne@web.com
Mike;Bullock;mike@web.com
Azaria;Jones;azaria@web.com
Todd;KenObi;todd@web.com
Jacey;Noclueny;jacey@web.com
Jaidyn;Skywalker;jaidyn@web.com
Roselyn;Smith;roselyn@web.com
Isai;Skywalker;isai@web.com
Elliot;Anderson;elliot@web.com
Samson;Anderson;samson@web.com
Jaiden;Smith;jaiden@web.com
Cassius;KenObi;cassius@web.com
Tara;Smith;tara@web.com
Hezekiah;Bullock;hezekiah@web.com
Alma;Skywalker;alma@web.com
Makhi;Skywalker;makhi@web.com
Esperanza;Anderson;esperanza@web.com
Antoine;Skywalker;antoine@web.com
Jakayla;Spacey;jakayla@web.com
Darnell;Smith;darnell@web.com
Yesenia;KenObi;yesenia@web.com
Remy;Noclueny;remy@web.com
Kiersten;Jones;kiersten@web.com
Stefan;Jones;stefan@web.com
Marlene;Bullock;marlene@web.com
Camdyn;Bullock;camdyn@web.com
Nova;Spacey;nova@web.com
Kyron;Smith;kyron@web.com
Adelina;KenObi;adelina@web.com
Callan;KenObi;callan@web.com
Ayana;KenObi;ayana@web.com
Dario;Skywalker;dario@web.com
Kai;Skywalker;kai@web.com
Jedidiah;Bullock;jedidiah@web.com
Nola;KenObi;nola@web.com
Leonidas;Bullock;leonidas@web.com
Sloan;KenObi;sloan@web.com
Deven;Smith;deven@web.com
Avah;Bullock;avah@web.com
Fletcher;Noclueny;fletcher@web.com
Carley;Skywalker;carley@web.com
Sonny;Noclueny;sonny@web.com
Meadow;Smith;meadow@web.com
Reagan;Noclueny;reagan@web.com
Neveah;Noclueny;neveah@web.com
Yadiel;Noclueny;yadiel@web.com
Tamia;Smith;tamia@web.com
Jerimiah;Spacey;jerimiah@web.com
Alaya;Anderson;alaya@web.com
Efrain;Smith;efrain@web.com
Jadyn;KenObi;jadyn@web.com
Sidney;Anderson;sidney@web.com
Sanaa;Anderson;sanaa@web.com
Santos;Skywalker;santos@web.com
Kailynn;Jones;kailynn@web.com
Aditya;Noclueny;aditya@web.com
Diya;Smith;diya@web.com
Brenton;KenObi;brenton@web.com
Rory;Jones;rory@web.com
Brysen;Smith;brysen@web.com
Abbey;Anderson;abbey@web.com
Nixon;KenObi;nixon@web.com
Karis;Bullock;karis@web.com
Tyrell;Noclueny;tyrell@web.com
Maliah;Spacey;maliah@web.com
Vaughn;Smith;vaughn@web.com
Belen;Bullock;belen@web.com
Elvis;Noclueny;elvis@web.com
Bentley;Jones;bentley@web.com
Freddy;Spacey;freddy@web.com
Jaidyn;KenObi;jaidyn@web.com
Demarcus;Noclueny;demarcus@web.com
Shania;Jones;shania@web.com
Gaige;Smith;gaige@web.com
Britney;KenObi;britney@web.com
Jaylon;Jones;jaylon@web.com
Yazmin;Spacey;yazmin@web.com
Gibson;Spacey;gibson@web.com
Aubri;Jones;aubri@web.com
Thaddeus;Smith;thaddeus@web.com
Malaya;Jones;malaya@web.com
Zaire;Spacey;zaire@web.com
Micah;KenObi;micah@web.com
Coleman;KenObi;coleman@web.com
River;Bullock;river@web.com
Roderick;Bullock;roderick@web.com
Alannah;KenObi;alannah@web.com
Jabari;Jones;jabari@web.com
Jolene;Anderson;jolene@web.com
Zackery;Spacey;zackery@web.com
Shaniya;Noclueny;shaniya@web.com
Agustin;Bullock;agustin@web.com
Tia;Bullock;tia@web.com
Alfred;Anderson;alfred@web.com
Yamilet;Smith;yamilet@web.com
Arlo;Noclueny;arlo@web.com
Bryleigh;Bullock;bryleigh@web.com
Braylin;Skywalker;braylin@web.com
Carissa;Smith;carissa@web.com
Leighton;Skywalker;leighton@web.com
Karlie;Noclueny;karlie@web.com
Turner;Spacey;turner@web.com
Libby;Jones;libby@web.com
Arian;Skywalker;arian@web.com
Lilith;Noclueny;lilith@web.com
Clinton;KenObi;clinton@web.com
Lara;Spacey;lara@web.com
Legend;Anderson;legend@web.com
Tess;Skywalker;tess@web.com
Miller;Jones;miller@web.com
Aliza;Jones;aliza@web.com
Quinten;Spacey;quinten@web.com
Laurel;KenObi;laurel@web.com
Mustafa;Spacey;mustafa@web.com
Kaelynn;KenObi;kaelynn@web.com
Jakobe;KenObi;jakobe@web.com
Leona;Spacey;leona@web.com
Lathan;Skywalker;lathan@web.com
Regan;Spacey;regan@web.com
Otto;Jones;otto@web.com
Yaritza;Bullock;yaritza@web.com
Blaise;Spacey;blaise@web.com
Kasey;Spacey;kasey@web.com
Vihaan;Noclueny;vihaan@web.com
Mattie;Spacey;mattie@web.com
Enoch;Jones;enoch@web.com
Audrianna;Bullock;audrianna@web.com
Ross;Skywalker;ross@web.com
Blakely;Anderson;blakely@web.com
Brice;Smith;brice@web.com
Campbell;Bullock;campbell@web.com
Houston;Noclueny;houston@web.com
Dorothy;Noclueny;dorothy@web.com
Rey;Smith;rey@web.com
Julieta;Noclueny;julieta@web.com
Benton;Noclueny;benton@web.com
Kylah;Spacey;kylah@web.com
Bodhi;Jones;bodhi@web.com
Kyndal;Anderson;kyndal@web.com
Graysen;Skywalker;graysen@web.com
Temperance;Skywalker;temperance@web.com
Johann;Jones;johann@web.com
Tinley;Smith;tinley@web.com
Reuben;Skywalker;reuben@web.com
Akira;Bullock;akira@web.com
Crew;KenObi;crew@web.com
Saige;Skywalker;saige@web.com
Darryl;Anderson;darryl@web.com
Ashtyn;Spacey;ashtyn@web.com
Donte;Anderson;donte@web.com
Jewel;Anderson;jewel@web.com
Flynn;Bullock;flynn@web.com
Kelsie;Spacey;kelsie@web.com
Jaycob;Jones;jaycob@web.com
Miya;Spacey;miya@web.com
Jean;Bullock;jean@web.com
Cambria;Bullock;cambria@web.com
Maxton;Anderson;maxton@web.com
Analia;Skywalker;analia@web.com
Anders;Bullock;anders@web.com
Janet;Skywalker;janet@web.com
Hugh;Bullock;hugh@web.com
Kairi;Skywalker;kairi@web.com
Ignacio;Noclueny;ignacio@web.com
Aleigha;Anderson;aleigha@web.com
Ralph;Spacey;ralph@web.com
Bree;Noclueny;bree@web.com
Trystan;Bullock;trystan@web.com
Dalia;Spacey;dalia@web.com
Devan;Skywalker;devan@web.com
Liv;Skywalker;liv@web.com
Franco;Spacey;franco@web.com
Sarahi;Skywalker;sarahi@web.com
Mariano;Noclueny;mariano@web.com
Yamileth;Skywalker;yamileth@web.com
Tyree;Jones;tyree@web.com
Carleigh;Smith;carleigh@web.com
Bridger;Spacey;bridger@web.com
Geraldine;Bullock;geraldine@web.com
Howard;Smith;howard@web.com
Izabelle;Bullock;izabelle@web.com
Jaydan;Jones;jaydan@web.com
Riya;Spacey;riya@web.com
Brecken;Noclueny;brecken@web.com
Samiya;Spacey;samiya@web.com
Joziah;Smith;joziah@web.com
Abrielle;Spacey;abrielle@web.com
Valentin;Jones;valentin@web.com
Annabell;Noclueny;annabell@web.com
Broderick;Skywalker;broderick@web.com
Leigha;KenObi;leigha@web.com
Maxx;Spacey;maxx@web.com
Pamela;Anderson;pamela@web.com
Elian;Bullock;elian@web.com
Caydence;KenObi;caydence@web.com
Eliseo;KenObi;eliseo@web.com
Joyce;Jones;joyce@web.com
Haiden;Skywalker;haiden@web.com
Juniper;Anderson;juniper@web.com
Tyrese;Smith;tyrese@web.com
Malaysia;Bullock;malaysia@web.com
Zeke;Skywalker;zeke@web.com
Isabell;Jones;isabell@web.com
Keon;KenObi;keon@web.com
Blair;Bullock;blair@web.com
Maksim;Jones;maksim@web.com
Jaylyn;Noclueny;jaylyn@web.com
Coen;Smith;coen@web.com
Marianna;Noclueny;marianna@web.com
Cristiano;Skywalker;cristiano@web.com
Rivka;Smith;rivka@web.com
Hendrix;Jones;hendrix@web.com
Alianna;Anderson;alianna@web.com
Damari;Bullock;damari@web.com
Gwyneth;Smith;gwyneth@web.com
Princeton;Bullock;princeton@web.com
Kendyl;Bullock;kendyl@web.com
Davon;Anderson;davon@web.com
Sky;Noclueny;sky@web.com
Deon;Jones;deon@web.com
Esme;Jones;esme@web.com
Kael;Spacey;kael@web.com
Jaden;Smith;jaden@web.com
Dimitri;Jones;dimitri@web.com
Sariyah;Bullock;sariyah@web.com
Jaron;Skywalker;jaron@web.com
Stacy;KenObi;stacy@web.com
Jaydin;Spacey;jaydin@web.com
Kimber;Skywalker;kimber@web.com
Kyan;Anderson;kyan@web.com
Kamille;Smith;kamille@web.com
Corban;KenObi;corban@web.com
Milagros;Noclueny;milagros@web.com
Kingsley;Anderson;kingsley@web.com
Karly;Noclueny;karly@web.com
Major;Bullock;major@web.com
Karma;Jones;karma@web.com
Pierre;Jones;pierre@web.com
Thalia;KenObi;thalia@web.com
Yehuda;Anderson;yehuda@web.com
Willa;Spacey;willa@web.com
Cayson;Anderson;cayson@web.com
Amalia;Bullock;amalia@web.com
Dangelo;Bullock;dangelo@web.com
Hattie;KenObi;hattie@web.com
Jeramiah;Jones;jeramiah@web.com
Payten;Anderson;payten@web.com
Kamren;Smith;kamren@web.com
Anabel;Jones;anabel@web.com
Kohen;Skywalker;kohen@web.com
Ann;Jones;ann@web.com
Camilo;Noclueny;camilo@web.com
Galilea;Spacey;galilea@web.com
Cortez;KenObi;cortez@web.com
Milana;KenObi;milana@web.com
Keyon;Smith;keyon@web.com
Yuliana;Skywalker;yuliana@web.com
Malaki;Noclueny;malaki@web.com
Damaris;KenObi;damaris@web.com
Ethen;KenObi;ethen@web.com
